,0,1
0,-19.640308597303267,-5.821583374329625
1,2.5017043332304083,-12.100747809682163
2,4.988484706402808,-14.476042376510433
3,-11.61277824950232,-7.4686148920532185
4,-8.733941889770803,-14.966408344097388
5,-0.38158893390534,6.838360798616553
6,-21.28277576645739,-4.2372641319928315
7,-0.29382314799375164,11.693034662646799
8,4.37128836240949,-10.885166127991175
9,-18.34672789738414,-1.017512144123085
10,-1.1822886477665695,12.045877101883127
11,-0.6494945695166712,13.073428508970874
12,3.6849446928438696,-14.70283403245022
13,-4.342132879565841,11.31577296346673
14,-22.84564030299525,-4.885765563558218
15,6.53198653738858,-16.154816960200925
16,-9.873493820949042,-5.83534964742241
17,-9.167730655787551,-14.884984639610158
18,-19.720334005313255,-2.6113920974773257
19,4.3869656993514035,-11.458202222500521
20,-8.290590253123987,-13.70041988250058
21,-9.066495553684568,-3.751292508596464
22,-17.59731007716173,-5.781533783732945
23,-8.890194893381906,-11.238724968731283
24,-17.618882310655916,-3.064776614562272
25,-10.317859235072554,-7.791907331858262
26,-9.542619234556895,-12.421692807218076
27,-3.3495967418183064,10.275160058448922
28,5.016519020192039,-11.491024562503302
29,1.9619862169342364,-11.072060888835392
30,-17.108266671012235,-4.098574641984435
31,-8.35223658337148,-14.21970400150851
32,-11.660487128508214,-5.828256663135512
33,-10.66954831489291,-7.872921030315779
34,-11.595590887422215,-6.423763050823859
35,-8.051961868651622,-13.21461238680229
36,-18.625631792072355,-3.0688530382864663
37,-11.004356351660185,-16.74327992254792
38,-18.819723055416354,-0.9585570155952041
39,-9.684857387989606,-10.575938759536715
40,-11.898325735807589,-5.930691791533501
41,-7.390277174989599,-14.627408212370511
42,-9.920575672055714,-6.796930493169571
43,-10.689205322381007,-8.714348004494008
44,-15.543170904510513,-1.9148560990963166
45,-6.332561492613689,-13.20988471339449
46,-9.089883081309251,-6.924967460176073
47,-3.6034485335708544,14.050908674757643
48,-11.274277736033046,-5.583588304695078
49,-3.215722413698358,14.560886898834276
50,3.5823990088559254,-14.129906088951493
51,-23.57436772489842,-4.803178801084963
52,-9.477600060924281,-8.146384567214191
53,-18.02152108463009,-7.432312705822748
54,-3.78973461408975,7.534593891191957
55,-10.772293857877424,-5.407323194553809
56,-8.778676703320558,-5.389541615838558
57,-4.327863397528221,7.755894869201462
58,-6.197152198586366,-15.100411017613617
59,-22.800048565073645,1.141439119150232
60,-10.447634923101209,-7.196538566342134
61,-8.985436630433217,-13.297310137948186
62,-17.701999480213477,-3.6004130311494924
63,-8.480068991071402,-13.169423181672245
64,-10.38531423936194,-15.818957440350246
65,-18.451944601799674,0.09875780499087128
66,-5.274306933325134,12.247242174933666
67,-4.114287409656625,10.672787605613955
68,-10.029374361209173,-6.259792247110028
69,-1.8333183047291888,12.655896384554516
70,0.9638394806816337,-12.840850902458026
71,7.152603929811309,-14.19059595285967
72,-8.346611196880543,-14.849703270022632
73,-3.011899784582154,13.009870897500127
74,-1.4048289534219978,8.366146291329972
75,-6.471707267932301,-12.612140458360567
76,-6.383442245139749,-13.81138001835209
77,-11.236337517043406,-6.231638431883488
78,-0.4193744349736743,8.894800844455563
79,-11.859013339404356,-8.057278726267965
80,-20.598442574424947,-3.878284611015273
81,-7.755129148645665,-10.490513624943379
82,4.0843568290367775,-14.518500512107304
83,-13.797854594137391,-0.0003267020217299077
84,-3.0221273563573683,11.77257894478794
85,-1.7478706151068426,11.105430153864742
86,-9.586344219621623,-6.042637997696641
87,8.860848659646916,-15.934970107547205
88,-11.55395425057342,-7.000460502654156
89,8.622173993668731,-14.670432895110249
90,0.6075767768277824,-15.728218402590063
91,-10.478432385662066,-13.589645293276936
92,-2.5001962432363922,11.155043643883287
93,-3.1280787299250195,10.083904776437882
94,-10.271191539605047,-5.345156695512847
95,-11.349898518036397,-7.19664392287354
96,-10.990788488950054,-13.87829579973339
97,-4.355985511141158,10.568752902825985
98,-2.3862672583340316,11.437106079168055
99,-13.08134440318805,-6.8488599350214185
100,-2.3579791696728463,14.964137606914605
101,-22.81390898193425,-3.5504537344431686
102,-11.941148459835745,-6.0410507496942465
103,-5.668069042159832,-14.06101017249169
104,0.1272127572144024,6.9944113579936555
105,-3.680948772136281,10.21479631429252
106,-12.284484838650553,-4.994339006095382
107,-22.035620956687495,-0.019858814708463957
108,-10.424773611515374,-6.980720842851683
109,-11.466337786761757,-5.902830253780617
110,-17.90113869050714,-1.0805463919759881
111,-18.227768764730133,-5.8203812404929485
112,-18.502326945403738,-1.8290677648528613
113,4.62721754967649,10.808403632336123
114,-16.758282764185367,3.5864750607904643
115,4.669260030377053,-16.191350141916057
116,-4.413683615888848,-12.309340383269927
117,-6.6397010878476435,-15.338843531984393
118,-23.717287199584128,-0.6205876728669
119,0.44237714636051395,11.77123226197916
120,-0.2975326543045358,11.663672151459446
121,5.9073570983681,-15.446931908238232
122,-5.976215598546236,-12.912198389264756
123,5.512118052203514,-13.53692774519293
124,-18.950919492717745,-2.896540406100473
125,3.7213214900459137,-14.371313290881584
126,-7.019015040695339,-14.262209196834661
127,-11.380107626387135,-7.465072015485923
128,-9.601704520222842,-5.77497874404629
129,0.05714977940752375,8.812300783013653
130,-1.1003332781644815,8.380406863020916
131,7.327396334627218,-13.96091599657198
132,-18.947046931813894,-2.850740304627812
133,0.048110278139013474,14.22675825422266
134,-6.46928718654942,10.70454324141165
135,-8.541637831978916,-6.954358234375549
136,2.232628400950777,-15.073714863173432
137,-17.990765200179087,-7.525063083016609
138,-1.0391817690360199,11.824538597771515
139,6.868554371481748,-13.899152645411109
140,2.9393559920280383,-17.923714160200117
141,-10.535619611672189,-5.298320560359173
142,-6.420032781306425,-15.841001514766662
143,3.578722784797196,-13.192092038666333
144,-15.111997715622506,-0.08314767759845054
145,-14.236224800018022,-0.9062190639234364
146,6.378605884859115,-15.131066596409891
147,-7.657276900178475,-14.468802615911184
148,-7.71227295020238,-13.232387105332336
149,-9.716160612727906,-6.503823081339837
150,2.3280756310557713,-13.428280950555537
151,-9.633796488783588,-7.224567132469789
152,-18.853744935871013,-0.7014967883404326
153,7.604188582546268,-13.355500079825058
154,3.6298344003163403,-13.379899772177062
155,-10.456632326188059,-7.51951908252788
156,-8.803276053019914,-15.419582068352897
157,-1.9174582917464646,11.985642037437472
158,-4.372961054254737,11.12842693648982
159,-15.695960085580339,-4.712553647597263
160,-6.281619053964534,-11.249869495422873
161,-10.450993594742778,-4.914254801026038
162,1.8895628052937683,-14.414494094560045
163,-10.437782102210086,-6.79995737244608
164,-18.744392143362322,-5.086193652754908
165,0.3643283052478772,-13.90751463768785
166,-14.06233136330334,-1.0246635971785767
167,-10.202556535361147,-15.311726880561723
168,-15.441778767600804,-3.1850260133736454
169,6.5170761160177655,-12.269061160796149
170,-9.721518581102622,-6.813649272346346
171,-21.036468116715255,-3.991134115642833
172,-4.728177567117772,15.327873064767566
173,-7.695934994652375,-15.497783740775821
174,-6.679082454810885,-14.145926649382657
175,-22.871815856579936,-3.68425465009647
176,-8.418456008410264,-3.141328171760187
177,-9.135548745261737,-7.556643015171474
178,-19.316953775091992,-0.17347662765882665
179,4.363281737726631,-13.973344838235084
180,5.216048287050398,-13.817304471439332
181,-19.373328788100952,-2.456703208662843
182,3.711510761765978,-15.400075763526658
183,-9.142328447650588,-14.56584506980805
184,-8.792992736817135,-14.465098377317151
185,-2.1864611950150246,9.968458481987625
186,-2.507809015320432,8.262387852548192
187,-23.168390838211813,-1.5942231209243949
188,-12.319809940095103,-7.851855322282534
189,2.915390023893554,-10.335422576739791
190,-9.549018827897026,-11.839026715927009
191,8.289899649124706,-12.482835530420699
192,-6.691586067075768,-13.409433458378103
193,-3.606511704898895,7.618778853008591
194,-21.057051714142588,-0.9600883924430264
195,1.0503334716523685,-14.514129599479968
196,-8.4120208432247,-14.565293696156322
197,-7.323095952530965,-11.437683099055544
198,-22.37023792132707,-1.5249902196153906
199,-1.0455763328110763,12.435608584037157
200,-10.619677517431093,-5.082302800166689
201,5.549870485608272,-16.50323839664418
202,-4.543938653410484,10.185404471191326
203,-19.284879655118022,0.12755101919488254
204,-9.872462269205933,-5.163768352648424
205,-19.511143070945852,-0.14338996076053245
206,1.6056814108537818,-12.301318262032721
207,3.9959205021249464,-13.874847732874045
208,-8.279830181063561,-15.102564174226357
209,-10.376500581407365,-5.436661523871658
210,-10.95430345435725,-4.932580477676313
211,-15.130724915064816,1.8923350184963699
212,-8.570230237221278,8.525631117089782
213,-17.471603946609783,-2.473744006739811
214,-20.527155435269137,-3.016815499982421
215,-11.055354285701972,-6.0971728852808065
216,-10.275775565913712,-7.127995937530134
217,-17.292058750885072,-0.16276771119376665
218,1.8311326881121301,-17.259445496710114
219,-6.64860746421433,-17.041218581035697
220,-16.421466764358854,-2.927776116152719
221,-2.353031274530494,10.981151792721718
222,-1.406365003859787,5.654107236034665
223,-3.6437857321741998,12.34358101805027
224,-9.67548066062955,-14.07622264903265
225,-17.19368544721925,-3.1799275635013755
226,0.8247347327867063,-14.91544346497233
227,-18.59562950438649,-3.0988176335063704
228,-3.4695548910918954,11.33113961103851
229,4.801342261294817,-13.056111664571214
230,-3.961307844088764,9.63111966158211
231,-5.329330047230096,-14.997653725302019
232,6.091551508365108,-18.67977973298811
233,-1.4929027228555944,8.078016001427471
234,3.838212398812865,-8.820652686707817
235,4.754049284653556,-14.19555755291843
236,-7.21445501459537,-15.499502532633446
237,-7.820291567400917,-13.671529520030411
238,4.796120210337717,-12.34486885442919
239,-8.696657871236988,-16.223565836571357
240,-9.58302806436907,-6.72258864210373
241,-7.433046594067257,-14.23815961250448
242,0.14590613862646862,9.919391162522274
243,2.799993464854487,-13.507021837549598
244,5.252929065406298,-12.887358435052793
245,-2.5734508957119693,11.25408716352686
246,-1.361735975523996,12.245721062757163
247,1.1242764331512802,11.193417005882576
248,4.146159328005735,-16.727232751672805
249,-16.918702461024356,-3.4214782172886538
250,-8.100271493745899,-14.559834103861258
251,-9.581783157244336,-5.813099054344249
252,-9.762297188050034,-15.950738211496608
253,-18.133001605175505,-4.691192494134963
254,2.0014406094458304,-12.83879454089261
255,-11.225401994625908,-6.223234096421157
256,-8.061287682781733,-13.175067111558176
257,-8.916660298200867,-8.489326708024072
258,-20.51048728743749,-6.741120144668319
259,5.2688251838659586,-10.34010678469915
260,-13.147167002825128,-9.139209373371902
261,-18.485208407202922,-0.5563316549934401
262,-11.002582943795083,-7.344776147380897
263,-16.289721337792535,-6.413364063575642
264,6.005776823223651,-10.228374503397502
265,-17.051902817727004,-4.38760280599134
266,-4.347543150065453,9.18302830421709
267,-7.564971193343377,13.307142749579562
268,-7.527121377285322,-13.607100685293542
269,-18.768508886236734,-1.5135171777650875
270,-8.982263339462348,-14.091729470657329
271,3.7845620627934564,-13.87986679885005
272,-17.867400210202376,-2.419022708124103
273,-0.799727595091337,10.037405618801793
274,4.899499801800251,-8.81649136190198
275,-8.11113213685594,-11.21707466571012
276,-20.94427825651843,-7.962721657010984
277,-11.144968385078482,-5.737319311975532
278,-15.768027958273084,-3.6353027062970766
279,-12.147265270485565,-15.097586257420861
280,-11.000330213644947,-7.300093176451025
281,-19.145375441949387,-2.5493425570562396
282,-17.948631198619168,1.1980741819732224
283,-10.430409477968794,-3.2208374693961943
284,8.44956264058332,-15.302515300377085
285,3.8648907234869454,-13.134920435375864
286,-19.352806406087247,-0.3024946921327918
287,-15.86592582033831,-8.154825937889624
288,4.704617782163821,-13.307579333270581
289,4.853447940311547,-14.42179737713267
290,5.299673384469889,-8.067180270282615
291,4.123214614860894,-15.18098729239268
292,-4.080637339024939,-13.98236050290063
293,-9.58488002784412,-5.457309285740076
294,4.95818560746085,-14.246091169101598
295,0.8059245351265445,11.443825882943337
296,-17.681887118224065,-4.996914639099557
297,-2.6956468686875703,9.93605374292137
298,-8.75183808587618,-8.354988124591557
299,-8.466102274156114,-16.15316216810665
300,-21.101029160128842,-0.8913289158867714
301,3.0305571174415116,-11.985722401760343
302,-8.50481325887677,-13.019441604183779
303,-11.195568087675447,-11.765504201368756
304,-11.163415356113527,-7.248166662842706
305,-17.79642842567883,-3.090338775910284
306,-15.68304126304772,-3.748249637225376
307,-18.155241958627226,-0.03355425220359365
308,-10.076222163968676,-5.922523021091228
309,-23.849204455251645,-1.6293272835032842
310,-8.582636596242603,-9.967596722191335
311,-9.328962755523948,-13.474699896927518
312,-8.067951458511278,-13.900745292393886
313,-4.435147319243845,13.022481267862153
314,-9.176337237924278,-6.254268315575017
315,-6.67573913323576,-13.11039943530184
316,-8.36838377705624,-5.302735779461792
317,-5.895355606057905,7.986541162164832
318,7.2432076883066525,-14.39240243862509
319,-10.7823308576661,-7.262908741062535
320,-18.862468051428277,-4.723607324546252
321,-10.888758776980962,-14.562657985761978
322,-10.865590036814682,-12.020215698016695
323,-10.046653176377472,-5.14695877680172
324,3.0142988887939346,-12.793867948903328
325,-10.182188033477598,-6.828835251459683
326,3.553191434875087,-17.86562935091863
327,-3.7876033698073988,8.499008167039147
328,-9.936681375767428,-9.54629985913887
329,-10.529411957227207,-6.086849497417968
330,-6.575699657122229,-14.523957145808897
331,-0.4509367859435627,9.06208823502232
332,3.748105228820701,8.707450696872925
333,-9.97273812914966,-7.125458028334791
334,-18.009040952353534,-2.3171835469132187
335,-11.489848726032738,-5.930118421745505
336,-7.851505729128949,-16.279301603479443
337,-1.6716899286911215,12.788431230232707
338,-16.809003573088816,-3.0807271586135236
339,-8.246493983394304,-14.697247862626641
340,-18.596443638548738,-8.297830324742462
341,-3.0777574071814184,14.827821503525623
342,-2.5259917065391138,8.7724679281869
343,-8.031802938717936,-14.77638230778161
344,-3.1905747312391366,11.244706858473544
345,1.4615782758921947,-11.61243329834446
346,3.788755318585282,-9.115020412579808
347,1.3078252213388462,-13.256864607518532
348,-5.797801184391361,12.009674573735646
349,-2.6421035166551103,8.167118009542037
350,-9.800433150317101,-4.505348280091816
351,0.2651067429707412,10.490472758397656
352,-7.258386449529689,10.85333689837734
353,-10.65766830951973,-7.795070085531587
354,2.845374223131717,-12.07910404315457
355,2.5360388283535684,-16.71265973024774
356,-6.238286128282227,-14.099428910406319
357,-0.8827751097892342,9.270136264480955
358,2.5031740461563476,-12.162873763277851
359,-19.575041742177433,-2.8518926454296816
360,-7.364875468591528,-15.007265604419349
361,-1.5701609372525556,8.400116130046744
362,-16.544320192273993,-0.2049184267824531
363,-8.88228196251655,-11.095643899439528
364,-9.738720991323554,-6.855748582132357
365,-16.955143092373056,-0.9630593726621197
366,-23.580508255012457,-4.294850891596827
367,-18.775783269744423,-5.192940967766434
368,-11.084039073890892,-8.029424427737862
369,-17.966371503772855,1.4422839400022536
370,-1.9782753536562419,7.471069820709822
371,-0.2887052285188991,14.953708642826701
372,-18.04902340398532,-1.7841360297264646
373,-11.2878080653399,-7.457236583873021
374,-18.935826911340047,-4.150974265396885
375,-8.81830031744815,-6.114318946307842
376,5.74543053834857,-12.784853662892255
377,-8.21804486102405,-16.88062610586073
378,5.810653391127886,-14.071014383648643
379,4.423435222036315,-13.685900019353722
380,-9.66201066496671,-8.755244992821833
381,-2.70201276161025,8.441496899949522
382,-10.27560877274739,-6.413350284985934
383,-18.61895142596953,-2.219886388309834
384,-19.38903165851166,-2.3413798824824354
385,-2.18083684195294,7.970584758475175
386,-10.427260788882007,-6.56089411054876
387,-4.641436372660706,15.049568860175315
388,0.9388390378659213,11.4058320664891
389,-10.637985542365037,-13.47886520646453
390,-21.7166087230623,-8.99448208579394
391,-9.470562426676302,-15.918607420681031
392,7.060469945546842,-13.144208974156431
393,-19.316268864740458,0.13160967710688665
394,6.108288701013261,-15.79787517280078
395,-2.748027583598317,11.960250329604797
396,-6.844552628939012,-11.86534842251087
397,-8.925462362230258,-13.045850375922116
398,-9.663774639225506,-12.79300489808583
399,-15.648603755181504,1.4645561892179613
400,-7.62270220783381,-15.732989039664886
401,-20.07918635544045,-5.134091299479377
402,-6.695350825692029,-14.8574553431281
403,-8.575610213999818,-15.154926510673931
404,4.231857137261378,-10.537837376474524
405,-13.646263713787526,-2.968786964435719
406,-8.694125939240255,-12.399027355934626
407,-18.422489467054955,-4.181921252709007
408,2.2832083132913397,-15.594738512457686
409,4.34777053990873,-12.486205857556339
410,-0.6567836611502471,9.299560162828145
411,8.86200300358457,-11.507866514438922
412,-10.417602507780138,-6.829578616436546
413,-18.538402304261425,-5.29359627201809
414,-3.703907330306712,14.184185191040687
415,-8.531309420579472,-4.453711510745656
416,-11.001656007068503,-6.686369601040993
417,-6.619204687744756,-14.27190458030845
418,3.0749774726528143,-15.481530046699605
419,-10.609521591010871,-11.2057626300954
420,-11.509612229752335,-13.533200122466782
421,-3.37545897689784,9.87081606457919
422,-10.489797650679877,-14.808835042708683
423,-8.21877114085781,-13.36532105849417
424,-8.552935038409444,-4.424186926884506
425,-11.083624905708184,-6.383165257889426
426,-9.237491147826736,-7.515566439762604
427,-5.930752345677581,-12.653042585128428
428,-11.060470183806588,-7.02984623417342
429,-7.706845494091387,-16.53893064228215
430,-2.526929477292104,12.635330600938541
431,5.766771443606926,-14.463936468720014
432,0.9067238934944166,8.559604211243018
433,-7.668461315354464,-13.22490086566309
434,-10.24230483655836,-5.295862362773198
435,-7.48171913220973,-14.332631868543206
436,-4.020610334909556,11.255309480187103
437,2.962819232683003,-13.218174559890487
438,-10.399783078160334,-14.628932535261093
439,-10.123125058809388,-13.441307619586224
440,-17.823345209061188,-1.5259578887723504
441,-9.668386476655789,-5.933770355247097
442,-19.061946186671918,-1.1001586787030253
443,-15.872114856672459,-2.077679914048042
444,-5.930663769753743,-16.50551595775448
445,5.520013330462408,-12.345398203260048
446,-8.461219893356278,-16.725664369676625
447,7.181209536992739,-12.573638272501682
448,-16.505832195962974,1.024097439322727
449,-6.000071653880263,12.912745204402816
450,-20.36639235461723,-6.154234587679195
451,-22.644246380800638,-2.4556698008867177
452,-7.21155024745789,8.952719934370995
453,5.431686432430823,-15.37055100274749
454,-9.985856664180071,-4.7787274305607115
455,-0.7314935895391887,12.855399079265036
456,-1.0023329135169774,12.804462165005882
457,-12.425566841222674,-7.525939886289947
458,-8.243356340216693,-16.712478619737453
459,-8.715034337407136,-16.122432970920997
460,-7.218532251557328,-13.586168396767187
461,-9.153578031393852,-12.842071693899257
462,3.2030167627151696,-14.026793797278147
463,-8.50154800307817,-11.683596115912675
464,-8.4121436381737,-7.985078240766389
465,-16.770041737841865,-1.6121273703651193
466,-20.297429741590193,-0.5916974707726661
467,3.6054751606663196,-12.572127523104431
468,5.181446201240487,-13.625988629332882
469,-7.526121576780578,-13.496523289172726
470,-5.782645759875747,-13.858841573830613
471,-2.100293407735854,12.461195614592606
472,-11.050241902153136,-6.955646320757208
473,-3.1904319202090323,11.930571667894537
474,-10.010703358522145,-14.346230702948107
475,-8.209473027631022,-13.094175668453957
476,-9.97337608916266,-4.204385996470161
477,-5.283566713033197,9.50031520675975
478,-18.047215342907425,0.07377794976687913
479,-7.123354137806446,7.575068869054191
480,-11.047004707070062,-7.225166537871829
481,-9.749589098972882,-6.341862906566103
482,-20.004722050583837,-0.9085220940743537
483,-4.714866641937458,11.524231125489159
484,1.6205572548300147,-12.485955844354226
485,-2.187823586611302,11.3382286891546
486,-8.810995997308597,-6.884692866489697
487,-4.894872113565409,-16.26816288848662
488,-8.953645123321618,-13.04317399396171
489,-8.886996291930696,-11.761241043923807
490,-2.634220539164544,9.924896821790798
491,-1.4765469002171456,10.126882226444538
492,-11.038463579431173,-6.552203284264294
493,-11.095904052184153,-8.766879406705877
494,-6.445771094530869,16.14481762128115
495,3.1948221267464447,-10.690707846062136
496,2.42540696645567,-13.809813898488843
497,-7.469774207698217,-13.307180605169263
498,-0.26615766500751903,-15.062215528329475
499,-10.211691403430846,-5.815656740239669
500,5.420139803492351,-11.29205799854995
501,-9.174204730511013,-6.27630270156947
502,-3.562668017308398,12.80909204738624
503,-9.227531402236941,-8.56261053189697
504,-10.056179327858564,-7.7282202333667795
505,-8.560575681411505,-12.554986439679247
506,-10.637078704342045,-13.429921417874057
507,-5.230560126123349,-14.382192236218001
508,-11.397320136217735,-7.072756647873804
509,-9.267810605552842,-15.092432699814696
510,-8.195969057980001,-13.598497701721861
511,-17.86100047752102,-3.1342481867218295
512,-9.783034525404425,-12.861142305066044
513,-19.591894365424253,-5.031209695289522
514,-20.76515141887499,1.2041151117555327
515,-16.985186201161,1.2146954889841073
516,4.368829300650336,-14.444381217975714
517,-18.88080601252833,-3.463013993836677
518,-13.387223923902631,-2.614413513029427
519,-16.358512515732336,-3.125721059067894
520,-5.854872413258262,11.696202238809047
521,-22.067793489692626,1.1714232255745456
522,-10.661188946824957,-4.492438115386296
523,3.5691102245088127,-14.194715862358564
524,-3.9949944769250485,8.230472282802982
525,7.013322553028341,-15.317311801726428
526,-21.757103360548697,-4.889116082207968
527,-10.89059359356262,-7.166041550553832
528,-1.7966190765136214,6.771314863171267
529,-6.932859020046674,-14.770838624157559
530,-4.053183455987403,13.80583301081847
531,3.2968249406293504,-12.520956779605164
532,-15.158013004206278,-3.931878774109408
533,-16.790566005030353,-3.2259987305156543
534,-0.0009422145405446614,-12.257730064185889
535,-19.954732151411807,-5.760871345993783
536,5.387541485331981,-13.030265456437132
537,-9.253731784253391,-11.166266710334114
538,-11.110266685832231,-4.427655268842917
539,-20.10120872862285,-5.063693873262901
540,-11.688712244468128,-7.362791469418282
541,3.8348144165024616,-8.208361391886843
542,0.7828439393144162,10.47085081667191
543,-7.349309973492415,-13.42094341664528
544,-17.22981755245851,-2.0456256368317796
545,-15.170326912073739,-0.34535239766920434
546,6.196726735932193,-9.419833601215437
547,-9.920296266714683,-7.467869226911443
548,-19.815355032886234,-6.040491332026479
549,-19.362451144995216,-4.6466109083148215
550,-2.8858458407025704,10.043601039149546
551,-12.640440617114812,-7.091877540231289
552,-9.110495083394836,-17.145281053590434
553,-11.352776906789305,-6.9702597044316725
554,5.979294305078941,-13.410966454513986
555,0.9811919590644615,-12.223511173108514
556,-7.171613131246933,-11.947290867998769
557,1.2607144245536057,-13.608087285781082
558,-19.136727355501414,-8.153010223026353
559,6.351976495525119,-14.737491540162598
560,-21.065153389321974,-1.1465666836299353
561,-5.092309767089333,13.665465888797602
562,-5.368701285910198,6.594006216343373
563,-0.7727482293455088,9.788675458024986
564,-11.99581869762889,-5.785798639889717
565,-8.962172166585528,-5.506718665359933
566,-11.203835482920544,-7.4532922144488625
567,4.155269577881911,-13.999411471929083
568,1.791677209494079,14.727519138442068
569,-11.014195728972311,-14.60745988107533
570,-8.337610712212186,-15.165217715254636
571,-4.488648229109709,10.731931668266988
572,-11.343112470225526,-12.089174597109249
573,-11.429092029309071,-6.186447908205508
574,-7.281273457658939,-14.046702327453659
575,-8.314662871981211,-11.313693739773568
576,-2.2424977153372723,9.23982257048813
577,-4.212110391132142,-13.469714934439287
578,3.9998963272720798,-7.5806381826955604
579,-6.704615902644059,9.522052356533301
580,-2.47506773938999,8.169200445366778
581,-3.3664988136598,9.935657036113916
582,-19.403678902729105,-3.6092688152842527
583,6.681778280676257,-14.722123499650976
584,-6.534569173186755,3.8302404094307647
585,3.1268843229754717,-8.723748904518592
586,2.486711042511806,-13.469632371307428
587,-1.1958579759177754,12.104430256744271
588,4.087773273325735,-13.30312947678776
589,-11.674310862391051,-6.240662423253206
590,-8.460540050488197,-14.906496755317587
591,-15.53321151212493,-5.595162148873309
592,-18.906803142161518,-1.0756821049663925
593,-10.578093799629276,-13.465191569081242
594,-9.12983801454686,-14.4824516136809
595,-6.573095763204691,-13.94961383428933
596,5.049751199906353,-11.931036241508014
597,-20.7129404914906,-1.572066548530897
598,-19.702262129528098,-4.94219006352365
599,-12.256335539892506,-4.3511418871406935
600,-1.3297987995845082,8.48855937207996
601,-10.473441902675615,-5.311745831298911
602,-22.836177433355928,-5.818964686709814
603,-18.842814421190585,-1.7686348703008221
604,4.943675595959378,-12.327503432218753
605,-20.489321481450997,-5.217488879151402
606,-9.180887968825616,-8.190532501980327
607,5.685055039925839,-11.31482746578423
608,-9.843332164901305,-12.28586951116835
609,-8.361112429527306,-12.876278692624087
610,-15.154322503713354,-6.659291555581325
611,-12.438801829916803,-5.417083625957414
612,8.176114340909384,-12.636253006436478
613,2.320581520307902,-13.23138927151823
614,-10.30227741127315,-4.52679749921634
615,-7.786333173374329,-14.999566589272145
616,9.940852205014183,-13.359569017751761
617,2.0963992956279673,-11.899317992084923
618,-3.3106321380886943,10.542595734236235
619,-11.58320759524583,-6.247353010324214
620,-9.130697794048755,-15.476553262448096
621,-11.342842568720032,-7.631488842062858
622,-11.68721999998288,-6.112211055454116
623,-12.35138540215543,-6.452192068128366
624,3.0438350328075083,-15.281121976985432
625,-2.3876311144794893,12.020189567240035
626,3.4593950865639336,-12.14825716923868
627,0.8387686747962837,13.459533303021926
628,-8.259539980456147,7.420270478754599
629,-17.606928393069147,-4.5081698153489445
630,-19.789620311075495,-2.10708176969397
631,-3.8236624763602736,10.130360315238201
632,3.1345944516569215,-13.740485937167557
633,2.3473177312919344,-13.07210182031155
634,5.791219211782307,-12.039404644297399
635,-18.017136125673197,-3.940823059140328
636,-10.248801240907525,-5.541800025280327
637,-16.05498494297246,-1.816348464903339
638,-12.816736810264567,-7.3283381542698365
639,-9.112988897034658,-5.777818977950722
640,-11.770672982338173,-4.061595335574394
641,-1.4745207538372331,9.377403309092282
642,-11.0657208786816,-6.184068390766647
643,-10.151426525094262,-6.451824021449644
644,1.9971497999174384,8.53594755975552
645,-12.356557477496933,-6.846188636412887
646,-9.973996264996314,-7.258232805269233
647,-3.6477504913906844,12.152025414262969
648,-18.931816279634376,-2.838258554438381
649,-7.16129271637676,13.084948294282269
650,-9.916752934353346,-6.411049994819311
651,-19.125204804676958,-7.5090674855633175
652,4.314980552892043,-13.425510076276625
653,-11.061076767614928,-6.213232671138985
654,-22.738361180840485,0.30479282136814856
655,-4.256456653617479,9.953583485574777
656,-4.385303445611582,-14.894906594735488
657,-8.120247144573025,-12.418457079380143
658,-9.473110116797248,-10.520985772748368
659,-10.719845612646745,-8.035446358910432
660,-10.024707666170926,-6.492989719187609
661,-5.351275494589905,10.228875302565157
662,-22.275747935164425,-7.688527595427778
663,-20.774551803094703,-3.974111380960161
664,-0.9459619746016377,10.018761614423763
665,-10.322817694796619,-6.547279418132975
666,-12.024712677587441,-12.162133569947402
667,-15.142362605776583,2.5310354383093214
668,-6.066840914911458,-13.620018460124852
669,-9.287694660389713,-5.366545496591673
670,-3.005293067551124,9.963161777609962
671,-10.009770115932918,-5.994983011423801
672,-7.6593678616959835,-16.432322361495768
673,-24.73192575264405,1.0912479836560278
674,-20.64252338160811,-2.3506998897403477
675,-0.8090489017796094,8.614714499974589
676,-8.793075234883506,-12.233387454029238
677,-11.57333639227609,-6.413952799940676
678,-4.180636070819613,9.562115702745356
679,6.403388393638338,-10.59970623325907
680,-20.446327949696688,-1.7841032426681527
681,2.1360152356241158,-15.045968540585449
682,-1.6070485386466629,15.019198443447934
683,1.3063912328418636,9.759370424231635
684,5.458662570499056,-13.80482220631017
685,-6.464734675968996,10.156094020269615
686,-17.282177799039193,-3.3882029665614213
687,5.616875005392476,-13.330742582195628
688,-12.328332574543666,-5.641742359158034
689,-4.130570589641176,10.309789712837363
690,-10.166536285439848,-6.80997889782519
691,-7.3125429689362464,-16.71839678084246
692,4.6635243053938185,-12.748793822749693
693,-19.963726964451734,-6.855668530398651
694,-6.967800143185155,11.48064356181759
695,4.336905492032365,-9.861742626259774
696,-18.221139753191753,-2.6820481234418665
697,-4.780518682373481,9.565531088564427
698,-13.338028549868106,-10.409303109668311
699,5.997216258850225,-10.837148152898997
700,-1.9137003076805823,12.977530451683378
701,-5.432694187595811,-16.270704032724694
702,-20.610272489829992,-1.7250360332217962
703,-2.7491538884685407,10.30706316286381
704,-0.4165153578505487,-15.495139385458103
705,5.2222112810953645,-13.534898508944014
706,-11.014538138646515,-4.944421702831159
707,-1.202169567059601,10.237283854977331
708,-6.9222471101749825,-13.99964317126257
709,-8.742592224004209,-5.266698978044182
710,-1.4701832286106709,12.175641863666012
711,5.307475312335931,-12.47090867720401
712,-23.556593139400746,-3.2831620634536143
713,4.751944932997525,-13.332801941800327
714,4.740441597563312,-12.666472306510284
715,5.581078778102286,-13.281101641140634
716,7.21652700813878,-14.50484123089998
717,-6.365387289866193,-12.720008367779855
718,-9.913737265002352,-7.667488395356846
719,-9.479243861492018,-11.658593796778021
720,-12.54849752750201,-8.094589462498528
721,-10.296639709057297,-6.918560663546518
722,2.280972646093418,-13.504148457985506
723,-19.394006435011303,-4.780761796627083
724,4.605866865847586,-16.04360996730199
725,-16.603454804045352,-6.053848452162443
726,-8.738728007943331,-10.634845040979839
727,1.26020613924811,-14.320933998721504
728,-6.92754433272126,12.965822672107581
729,-7.6505517148827655,-13.49855585940568
730,-8.621748957140326,12.81470031923366
731,-0.8330479009724838,-11.868116707091886
732,-19.321840417833062,-0.9126524726074043
733,3.5363032766607736,-12.70253277761736
734,-4.653136894529679,16.399926056503922
735,-6.861338454212066,-14.199542467405694
736,-10.377397355665497,-4.889616168379188
737,-17.452719118199443,-1.8475597710138674
738,-6.697929165963435,-15.839942940832204
739,7.243382986450305,-12.416290549363062
740,-10.632953247084965,-8.58695204339664
741,-8.85016566426311,-12.758321461046902
742,0.1893044971365443,12.292915615773445
743,-9.942791951110562,-6.548844728263561
744,-11.162912609660554,-5.0601954021608755
745,1.2002809766936497,13.440517022175413
746,6.989400829371003,-12.733411548019435
747,-8.558628643590465,-6.766015794348478
748,-10.228713091586439,-7.3610352949759585
749,-8.977625423512814,-12.926873860353554
750,1.2565525119189291,8.556132635872874
751,-5.536439170620342,11.819694783568789
752,1.7065112562656837,-10.971366353420944
753,7.743761954133312,-14.59478669770569
754,-10.503713690612582,-10.293038733059019
755,-7.6419627842858215,-7.206915200392647
756,1.1601328687268686,-14.52046614789799
757,-10.482131759610544,-7.121274107046736
758,-7.159535198038837,-13.866999766815299
759,-8.269667159099095,-13.685326089734197
760,3.1656890573881302,-13.221214152361215
761,-9.667185328288596,-4.8009860786684415
762,2.748733883850707,-13.57347770399274
763,-18.42328667338722,-4.033046305951093
764,-4.6286574251084325,15.658806386115895
765,3.681049061382019,-10.692287901613687
766,-17.034139963836246,-3.1794797799389642
767,4.304832265400922,-12.4055027815547
768,-10.691702420018007,-7.203782647581926
769,4.9869626934364275,-14.810495299947835
770,-17.622767407631358,-7.285325306218654
771,-5.5092444719597395,8.066602907840757
772,6.41784818047408,-9.683185795053614
773,-6.309152993738024,-15.604576761164083
774,4.905279771841351,-12.740448088976825
775,-4.426912360130788,13.60512174157774
776,-1.424544453885117,8.503520864298725
777,-18.554376369505867,-4.727871513187503
778,-9.820229184461917,-5.915920191378461
779,-6.630606035013295,-13.467946125305772
780,1.4057277517586848,-16.445982321046763
781,6.130409697319357,-10.464607904333162
782,-1.1524211580232662,12.793844752741466
783,-8.870517172756415,-14.425632626197288
784,-3.3130522028916642,9.826450812563937
785,-7.40279634578875,-14.167535928245922
786,-21.47354068019658,-2.3348377442685546
787,-6.107326068357206,15.420968316041348
788,-10.223784022399947,-4.764019738909544
789,0.5327142467923971,-10.619394802406873
790,-10.306126491337968,-5.8784878275121795
791,-8.301566998288635,-12.48765236587322
792,-8.12972526954637,-15.862735210141134
793,-24.038845153660546,0.3706803905634737
794,-8.647012639413035,-13.022266564539514
795,-11.119103456922556,-13.571991858324628
796,-8.043742658944069,-14.359203596104175
797,-2.9937129689019972,9.581836206513657
798,-7.51020667374691,-11.908639972131647
799,-20.24858776934037,-1.5921633981751293
800,-22.9779607308452,-6.057812070191867
801,-1.3096799321487989,16.422437924211554
802,6.209024486637729,-11.806146247837624
803,-2.657829682229751,11.769903871658801
804,-3.196357292595034,10.378942155735256
805,1.749309120713117,-12.863189322965159
806,-2.8557202272813127,10.944116784287873
807,-9.203606833806953,-6.425693777596694
808,-20.53629562359795,-4.31173922772275
809,-9.146882357726266,-8.779763118980792
810,-1.2105069855984556,10.31451622455288
811,3.9009459796660355,-11.763803317327321
812,-5.1816113257228995,15.229863201497434
813,0.23001637767807992,-11.724657946361553
814,-23.154761512627143,-1.5570079202177782
815,-6.53032294921166,12.67697320996268
816,-8.366196769354977,-15.467674830600782
817,-10.97457893845127,-4.116129999136501
818,-11.541804632222007,-7.268790021480646
819,-10.454337543503524,-4.1522688453622605
